{"intents": [
        {"tag": "greeting",
         "patterns": ["Hi", "morning", "How are you", "Is anyone there?", "Hello", "Good day", "Whats up"],
         "responses": ["Hello there! How can i help you?", "Hi there, how can I help you?"],
         "context_set": ""
        },
        {"tag": "appointment",
         "patterns": ["I need to see Doctor Saleem", "Can i see doctor Saleem", "Doctor Saleem", "Where is doctor salem"],
         "responses": ["Doctor saleem is there in his office.", "Talk to you later", "Goodbye!"],
         "context_set": ""
        },
        {"tag": "inquiry",
         "patterns": ["I need to see Doctor Saleem", "Can i see doctor Saleem", "Doctor Saleem", "Where is doctor salem"],
         "responses": ["Doctor saleem is there in his office.", "Talk to you later", "Goodbye!"],
         "context_set": ""
        },
        {"tag": "goodbye",
         "patterns": ["cya", "get away", "See you later", "Goodbye", "I am Leaving", "Have a Good day"],
         "responses": ["Sad to see you go :(", "Talk to you later", "Goodbye!"],
         "context_set": ""
        },
        {"tag": "age",
         "patterns": ["how old", "how old is tim", "what is your age", "how old are you", "age?"],
         "responses": ["my mother told me i am 4!", " 4 years old!"],
         "context_set": ""
        },
        {"tag": "name",
         "patterns": ["what is your name", "what should I call you", "Who are you ?", "whats your name?"],
         "responses": ["I'm Mr.Bot!", "i work here as the Doctor's assistant Call me. Mr.Bot"],
         "context_set": ""
        },
        {"tag": "business",
         "patterns": ["Id like to buy something", "whats on the menu", "what do you reccommend?", "could i get something to eat"],
         "responses": ["We sell chocolate chip cookies for $2!", "Cookies are on the menu!"],
         "context_set": ""
        },
        {"tag": "hours",
         "patterns": ["when are you guys open", "what are your hours", "hours of operation"],
         "responses": ["We are open 7am-4pm Monday-Friday!"],
         "context_set": ""
        }
   ]
}