{"intents": [
        {"tag": "greeting",
         "patterns": ["Hi", "How are you", "Is anyone there?", "Hello", "Good day", "Whatsup"],
         "responses": ["Hello there! How may i help you sir?", "Hi there, how may I help you sir?"],
         "context_set": ""
        },
        {"tag": "inquiry",
         "patterns": ["I need to see Doctor Salim", "Can i see doctor Salim", "Doctor Salim", "Where is doctor salem"],
         "responses": ["Doctor saleem is there in his office. Do you want to have a meeting ?", "let me check! Do you want to have a meeting with Doctor?"],
         "context_set": ""
        },
        {"tag": "goodbye",
         "patterns": ["cya", "get away", "See you later", "Goodbye", "I am Leaving", "Have a Good day"],
         "responses": ["Sad to see you go :(", "Talk to you later", "Goodbye!"],
         "context_set": ""
        },
        {"tag": "age",
         "patterns": ["how old", "how old is MURS", "what is your age", "how old are you", "age?"],
         "responses": ["i am 3 months", " 3 months old!"],
         "context_set": ""
        },
        {"tag": "name",
         "patterns": ["what is your name", "what should I call you", "Who are you ?", "whats your name?"],
         "responses": ["I'm Mr.MURS ", "Call me MURS", " You can me MURS the Doctors assistant"],
         "context_set": ""
        },
        {"tag": "job",
         "patterns": ["what do you do", "what is your job", "your job"],
         "responses": ["I'm an assistant to Dr. Saleem ", "I work here as the Doctor's assistant"],
         "context_set": ""
        },
        {"tag": "hours",
         "patterns": ["when are you open", "what are your hours", "hours of operation"],
         "responses": ["We are operational only 8am to 4pm Monday to Friday!"],
         "context_set": ""
        },
        {"tag": "listen",
         "patterns": ["are you listening", "tell me more", "Are you there"],
         "responses": ["i am listening!", "tell me more"],
         "context_set": ""
        }
   ]
}