
mustafa,elon musk,,bill gates,04/02/2021 (16:09:15)
mustafa,elon musk,bill gates,jack ma,04/02/2021 (16:14:25)
mustafa,steve jobs,04/02/2021 (16:16:53)
mustafa,07/02/2021 (00:22:49)
mustafa,07/02/2021 (00:26:13)
mustafa,07/02/2021 (00:29:03)
mustafa,07/02/2021 (00:31:03)
mustafa,07/02/2021 (00:32:17)
mustafa,07/02/2021 (00:34:02)
07/02/2021 (00:35:47)
07/02/2021 (00:39:24)
07/02/2021 (00:58:01)
07/02/2021 (01:07:58)
mustafa komal,07/02/2021 (01:12:57)
mustafa komal,josha hilf,07/02/2021 (01:16:53)
mustafa komal,07/02/2021 (01:30:31)
mustafa komal,nameer isa barack,07/02/2021 (01:33:15)
mustafa komal,nayla,nameer isa barack,07/02/2021 (01:46:18)
nayla,mustafa komal,07/02/2021 (01:49:53)
mustafa komal,nayla,ana,nameer isa barack,07/02/2021 (11:47:41)
mustafkamal,07/02/2021 (11:59:07)
necessary,07/02/2021 (12:04:12)
necessary,khansa,gul,nilofer,noor ahmed,07/02/2021 (12:10:28)
necessary,gul,nilofer,bill gates,inah,wid naweed,noor ahmed,07/02/2021 (12:34:23)
mustafa kamal,jackma,07/02/2021 (12:43:57)
mustafa kamal,elon musk,bill gates,07/02/2021 (12:45:44)
mustafa kamal,07/02/2021 (19:48:24)
